{
    "args": {
        "address": {},
        "assert_contracts": null,
        "build_only": false,
        "bytecode_jsons": null,
        "bytecode_spec": null,
        "cache": "certora/erc20/USDC.sol:FiatTokenV2_1-optimisticTrue-iterNone",
        "check_args": false,
        "cloud": null,
        "coinbaseMode": false,
        "contracts": [
            "FiatTokenV2_1"
        ],
        "debug": null,
        "debug_topics": false,
        "delay_fetch_output_seconds": null,
        "disableLocalTypeChecking": false,
        "disable_auto_cache_key_gen": false,
        "env": "master",
        "expected_file": "expected.json",
        "file_paths": [
            "certora/erc20/USDC.sol"
        ],
        "file_to_contract": {
            "certora/erc20/USDC.sol": "FiatTokenV2_1"
        },
        "files": [
            "certora/erc20/USDC.sol:FiatTokenV2_1"
        ],
        "internal_funcs": null,
        "jar": null,
        "java_args": null,
        "key": "d274bd68b7275de85bf5c3a25691b057a9bc9497",
        "link": null,
        "local": false,
        "log_branch": null,
        "log_query_frequency_seconds": null,
        "loop_iter": null,
        "max_attempts_to_fetch_output": null,
        "max_graph_depth": null,
        "max_poll_minutes": null,
        "method": null,
        "mode": "Mode.VERIFY",
        "msg": "ERC20:erc20.spec ",
        "multi_assert_check": false,
        "no_compare": false,
        "optimistic_loop": true,
        "optimize": null,
        "packages": [
            "@compound-finance/hardhat-import=/Users/yuras/dev/comet/node_modules/@compound-finance/hardhat-import",
            "@nomiclabs/hardhat-ethers=/Users/yuras/dev/comet/node_modules/@nomiclabs/hardhat-ethers",
            "@nomiclabs/hardhat-etherscan=/Users/yuras/dev/comet/node_modules/@nomiclabs/hardhat-etherscan",
            "@nomiclabs/hardhat-waffle=/Users/yuras/dev/comet/node_modules/@nomiclabs/hardhat-waffle",
            "@typechain/ethers-v5=/Users/yuras/dev/comet/node_modules/@typechain/ethers-v5",
            "@typechain/hardhat=/Users/yuras/dev/comet/node_modules/@typechain/hardhat",
            "@types/chai-as-promised=/Users/yuras/dev/comet/node_modules/@types/chai-as-promised",
            "@types/chai=/Users/yuras/dev/comet/node_modules/@types/chai",
            "@types/mocha=/Users/yuras/dev/comet/node_modules/@types/mocha",
            "@types/node=/Users/yuras/dev/comet/node_modules/@types/node",
            "chai-as-promised=/Users/yuras/dev/comet/node_modules/chai-as-promised",
            "chai=/Users/yuras/dev/comet/node_modules/chai",
            "chalk=/Users/yuras/dev/comet/node_modules/chalk",
            "dotenv=/Users/yuras/dev/comet/node_modules/dotenv",
            "ethereum-waffle=/Users/yuras/dev/comet/node_modules/ethereum-waffle",
            "ethers=/Users/yuras/dev/comet/node_modules/ethers",
            "fast-glob=/Users/yuras/dev/comet/node_modules/fast-glob",
            "hardhat-contract-sizer=/Users/yuras/dev/comet/node_modules/hardhat-contract-sizer",
            "hardhat-gas-reporter=/Users/yuras/dev/comet/node_modules/hardhat-gas-reporter",
            "hardhat=/Users/yuras/dev/comet/node_modules/hardhat",
            "jest-diff=/Users/yuras/dev/comet/node_modules/jest-diff",
            "mocha-junit-reporter=/Users/yuras/dev/comet/node_modules/mocha-junit-reporter",
            "mocha-multi-reporters=/Users/yuras/dev/comet/node_modules/mocha-multi-reporters",
            "nock=/Users/yuras/dev/comet/node_modules/nock",
            "prettier=/Users/yuras/dev/comet/node_modules/prettier",
            "solhint=/Users/yuras/dev/comet/node_modules/solhint",
            "solidity-coverage=/Users/yuras/dev/comet/node_modules/solidity-coverage",
            "ts-node=/Users/yuras/dev/comet/node_modules/ts-node",
            "typechain=/Users/yuras/dev/comet/node_modules/typechain",
            "typescript=/Users/yuras/dev/comet/node_modules/typescript"
        ],
        "packages_path": "/Users/yuras/dev/comet/node_modules",
        "path": "/Users/yuras/dev/comet/contracts",
        "process": "emv",
        "queue_wait_minutes": null,
        "rule": null,
        "rule_sanity": false,
        "send_only": false,
        "settings": [
            "-assumeUnwindCond",
            "-enableEqualitySaturation=false",
            "-smt_usePz3=true",
            "-smt_z3PreprocessorTimeout=2",
            "-solver=z3"
        ],
        "short_output": false,
        "smt_timeout": null,
        "solc": "/Users/yuras/dev/CVT-Executables-Mac/solc6.12",
        "solc_args": [
            "--experimental-via-ir"
        ],
        "solc_map": null,
        "spec_files": [
            "certora/erc20/erc20.spec"
        ],
        "staging": "master",
        "struct_link": null,
        "tool_output": null,
        "typecheck_only": false,
        "user_defined_cache": false,
        "verified_contract_files": [
            "certora/erc20/USDC.sol"
        ],
        "verify": [
            "FiatTokenV2_1:certora/erc20/erc20.spec"
        ]
    },
    "branch": "certora",
    "conf": {
        "cache": "certora/erc20/USDC.sol:FiatTokenV2_1-optimisticTrue-iterNone",
        "files": [
            "certora/erc20/USDC.sol:FiatTokenV2_1"
        ],
        "msg": "ERC20:erc20.spec ",
        "optimistic_loop": true,
        "process": "emv",
        "settings": [
            "-enableEqualitySaturation=false",
            "-smt_usePz3=true",
            "-smt_z3PreprocessorTimeout=2",
            "-solver=z3"
        ],
        "solc": "solc6.12",
        "solc_args": [
            "--experimental-via-ir"
        ],
        "staging": "master",
        "verify": [
            "FiatTokenV2_1:certora/erc20/erc20.spec"
        ]
    },
    "cwd_relative": ".",
    "dirty": true,
    "origin": "https://github.com/Certora/comet.git",
    "raw_args": [
        "/opt/homebrew/bin/certoraRun",
        "certora/erc20/USDC.sol:FiatTokenV2_1",
        "--verify",
        "FiatTokenV2_1:certora/erc20/erc20.spec",
        "--solc",
        "solc6.12",
        "--staging",
        "--optimistic_loop",
        "--settings",
        "-enableEqualitySaturation=false,-solver=z3,-smt_usePz3=true,-smt_z3PreprocessorTimeout=2",
        "--solc_args",
        "[\"--experimental-via-ir\"]",
        "--msg",
        "ERC20:erc20.spec "
    ],
    "revision": "40e33ef624dadd522048100df45b7f6fddc17a1c",
    "timestamp": "1648130657.043558"
}